{"cameraMode":{"drawMode":0,"name":"Shaded","section":"Shading Mode"},"sceneLighting":true,"audioPlay":false,"sceneViewState":{"showFog":false,"showMaterialUpdate":false,"showSkybox":false,"showFlares":false,"showImageEffects":false,"showParticleSystems":true},"in2DMode":false,"pivot":{"x":-2.2342731952667238,"y":-6.404329299926758,"z":7.830371856689453},"rotation":{"x":-0.14880096912384034,"y":-0.4643162488937378,"z":0.07946425676345825,"w":-0.8694562315940857},"size":11.275594711303711,"orthographic":true}